<?xml version="1.0" encoding="UTF-8"?>
<metadata modelVersion="1.1.0">
  <groupId>com.nextel</groupId>
  <artifactId>orders-ear</artifactId>
  <version>1.0.0-BUILD-SNAPSHOT</version>
  <versioning>
    <snapshot>
      <localCopy>true</localCopy>
    </snapshot>
    <lastUpdated>20170328165607</lastUpdated>
    <snapshotVersions>
      <snapshotVersion>
        <extension>ear</extension>
        <value>1.0.0-BUILD-SNAPSHOT</value>
        <updated>20170328165607</updated>
      </snapshotVersion>
      <snapshotVersion>
        <extension>pom</extension>
        <value>1.0.0-BUILD-SNAPSHOT</value>
        <updated>20170328165607</updated>
      </snapshotVersion>
    </snapshotVersions>
  </versioning>
</metadata>
